Task,Start,Finish,Resource
 111,2023-08-14 12:04:49,2023-08-14 12:07:39,EWEB-0050
 111,2023-08-14 12:43:33,2023-08-14 12:46:47,EWEB-0050
 111,2023-08-14 14:18:45,2023-08-14 14:21:46,EWEB-0050
 111,2023-08-14 15:46:03,2023-08-14 15:47:30,EWEB-0050
 111,2023-08-14 17:28:47,2023-08-14 17:31:38,EWEB-0050
 111,2023-08-14 20:23:27,2023-08-14 20:26:51,EWEB-0050
 111,2023-08-14 21:54:06,2023-08-14 22:04:38,EWEB-0050
 111,2023-08-14 22:48:19,2023-08-14 22:49:46,EWEB-0050
 111,2023-08-14 23:30:46,2023-08-14 23:33:01,EWEB-0050
 111,2023-08-14 23:38:31,2023-08-14 23:40:31,EWEB-0050
 111,2023-08-15 00:27:14,2023-08-15 00:30:32,EWEB-0050
 111,2023-08-15 02:04:32,2023-08-15 02:07:37,EWEB-0050
 111,2023-08-15 03:50:42,2023-08-15 03:53:14,EWEB-0050
 111,2023-08-15 05:19:22,2023-08-15 05:22:11,EWEB-0050
 111,2023-08-15 08:48:50,2023-08-15 08:52:17,EWEB-0050
 111,2023-08-15 10:23:38,2023-08-15 10:26:07,EWEB-0050
 111,2023-08-15 10:26:32,2023-08-15 10:33:31,EWEB-0050
 111,2023-08-14 14:49:30,2023-08-14 14:51:58,EWEB-0455
 111,2023-08-14 16:29:36,2023-08-14 16:32:16,EWEB-0455
 111,2023-08-14 16:33:35,2023-08-14 16:35:48,EWEB-0455
 111,2023-08-14 16:35:57,2023-08-14 16:38:28,EWEB-0455
 111,2023-08-14 17:23:00,2023-08-14 17:24:43,EWEB-0455
 111,2023-08-14 18:10:57,2023-08-14 18:12:37,EWEB-0455
 111,2023-08-14 18:19:04,2023-08-14 18:20:55,EWEB-0455
 111,2023-08-14 18:59:58,2023-08-14 19:02:36,EWEB-0455
 111,2023-08-14 20:40:21,2023-08-14 20:42:35,EWEB-0455
 111,2023-08-15 00:00:41,2023-08-15 00:02:30,EWEB-0455
 111,2023-08-15 03:04:28,2023-08-15 03:06:53,EWEB-0455
 111,2023-08-15 04:40:06,2023-08-15 04:42:25,EWEB-0455
 111,2023-08-15 04:44:18,2023-08-15 04:46:07,EWEB-0455
 111,2023-08-15 10:55:33,2023-08-15 10:57:03,EWEB-0455
 111,2023-08-15 11:33:59,2023-08-15 11:36:17,EWEB-0455
 111,2023-08-14 12:02:17,2023-08-14 12:03:08,LV R/B
 111,2023-08-14 12:47:58,2023-08-14 12:48:48,LV R/B
 111,2023-08-14 12:54:55,2023-08-14 12:57:35,LV R/B
 111,2023-08-14 13:34:12,2023-08-14 13:37:15,LV R/B
 111,2023-08-14 15:10:06,2023-08-14 15:12:48,LV R/B
 111,2023-08-14 16:37:32,2023-08-14 16:39:30,LV R/B
 111,2023-08-14 18:21:08,2023-08-14 18:24:11,LV R/B
 111,2023-08-14 21:13:59,2023-08-14 21:14:19,LV R/B
 111,2023-08-14 21:16:55,2023-08-14 21:20:03,LV R/B
 111,2023-08-14 22:48:12,2023-08-14 22:55:24,LV R/B
 111,2023-08-14 22:55:55,2023-08-14 22:58:27,LV R/B
 111,2023-08-15 00:26:34,2023-08-15 00:26:41,LV R/B
 111,2023-08-15 01:22:34,2023-08-15 01:25:16,LV R/B
 111,2023-08-15 03:00:40,2023-08-15 03:02:50,LV R/B
 111,2023-08-15 04:46:40,2023-08-15 04:49:55,LV R/B
 111,2023-08-15 06:16:02,2023-08-15 06:19:29,LV R/B
 111,2023-08-15 09:47:09,2023-08-15 09:50:44,LV R/B
 111,2023-08-15 09:52:23,2023-08-15 09:53:45,LV R/B
 111,2023-08-15 11:25:50,2023-08-15 11:32:39,LV R/B
 111,2023-08-14 12:08:04,2023-08-14 12:09:33,EWEB-0533
 111,2023-08-14 14:07:17,2023-08-14 14:09:08,EWEB-0533
 111,2023-08-14 15:54:00,2023-08-14 15:56:14,EWEB-0533
 111,2023-08-14 16:40:42,2023-08-14 16:43:07,EWEB-0533
 111,2023-08-14 17:28:56,2023-08-14 17:31:23,EWEB-0533
 111,2023-08-14 17:37:03,2023-08-14 17:39:34,EWEB-0533
 111,2023-08-14 18:19:23,2023-08-14 18:20:20,EWEB-0533
 111,2023-08-14 19:59:28,2023-08-14 20:01:33,EWEB-0533
 111,2023-08-15 04:02:02,2023-08-15 04:03:21,EWEB-0533
 111,2023-08-15 04:05:32,2023-08-15 04:08:02,EWEB-0533
 111,2023-08-15 04:09:46,2023-08-15 04:11:16,EWEB-0533
 111,2023-08-15 10:18:52,2023-08-15 10:21:23,EWEB-0533
 111,2023-08-15 11:53:07,2023-08-15 11:55:28,EWEB-0533
 111,2023-08-14 13:43:26,2023-08-14 13:45:46,EWEB-0543
 111,2023-08-14 15:22:15,2023-08-14 15:25:21,EWEB-0543
 111,2023-08-14 15:26:29,2023-08-14 15:29:14,EWEB-0543
 111,2023-08-14 16:11:35,2023-08-14 16:14:31,EWEB-0543
 111,2023-08-14 16:58:24,2023-08-14 17:00:56,EWEB-0543
 111,2023-08-14 17:05:49,2023-08-14 17:09:09,EWEB-0543
 111,2023-08-14 23:30:33,2023-08-14 23:33:59,EWEB-0543
 111,2023-08-15 01:36:48,2023-08-15 01:40:13,EWEB-0543
 111,2023-08-15 03:10:06,2023-08-15 03:15:17,EWEB-0543
 111,2023-08-15 03:16:17,2023-08-15 03:19:18,EWEB-0543
 111,2023-08-15 04:03:12,2023-08-15 04:06:33,EWEB-0543
 111,2023-08-15 04:47:17,2023-08-15 04:50:14,EWEB-0543
 111,2023-08-15 04:54:51,2023-08-15 04:58:17,EWEB-0543
 111,2023-08-15 05:45:25,2023-08-15 05:48:16,EWEB-0543
 111,2023-08-15 07:24:40,2023-08-15 07:27:46,EWEB-0543
 111,2023-08-15 11:28:58,2023-08-15 11:31:27,EWEB-0543
 111,2023-08-14 13:51:30,2023-08-14 13:54:31,EWEB-0544
 111,2023-08-14 15:29:23,2023-08-14 15:33:32,EWEB-0544
 111,2023-08-14 15:34:44,2023-08-14 15:37:49,EWEB-0544
 111,2023-08-14 16:19:51,2023-08-14 16:23:07,EWEB-0544
 111,2023-08-14 17:06:30,2023-08-14 17:09:39,EWEB-0544
 111,2023-08-14 17:14:14,2023-08-14 17:17:38,EWEB-0544
 111,2023-08-14 17:55:23,2023-08-14 17:56:47,EWEB-0544
 111,2023-08-14 19:32:12,2023-08-14 19:34:21,EWEB-0544
 111,2023-08-14 23:39:05,2023-08-14 23:42:20,EWEB-0544
 111,2023-08-15 01:45:15,2023-08-15 01:48:38,EWEB-0544
 111,2023-08-15 03:18:00,2023-08-15 03:24:02,EWEB-0544
 111,2023-08-15 03:24:34,2023-08-15 03:27:56,EWEB-0544
 111,2023-08-15 04:11:46,2023-08-15 04:14:53,EWEB-0544
 111,2023-08-15 04:55:53,2023-08-15 04:58:30,EWEB-0544
 111,2023-08-15 05:03:20,2023-08-15 05:06:40,EWEB-0544
 111,2023-08-15 05:53:39,2023-08-15 05:56:57,EWEB-0544
 111,2023-08-15 07:32:59,2023-08-15 07:36:22,EWEB-0544
 111,2023-08-15 11:38:15,2023-08-15 11:39:00,EWEB-0544
 111,2023-08-14 13:44:07,2023-08-14 13:46:33,EWEB-0560
 111,2023-08-14 15:23:00,2023-08-14 15:26:04,EWEB-0560
 111,2023-08-14 15:27:11,2023-08-14 15:29:59,EWEB-0560
 111,2023-08-14 16:12:17,2023-08-14 16:15:15,EWEB-0560
 111,2023-08-14 16:59:05,2023-08-14 17:01:42,EWEB-0560
 111,2023-08-14 17:06:32,2023-08-14 17:09:53,EWEB-0560
 111,2023-08-14 23:31:16,2023-08-14 23:34:42,EWEB-0560
 111,2023-08-15 01:37:30,2023-08-15 01:40:56,EWEB-0560
 111,2023-08-15 03:10:49,2023-08-15 03:16:02,EWEB-0560
 111,2023-08-15 03:16:59,2023-08-15 03:20:02,EWEB-0560
 111,2023-08-15 04:03:56,2023-08-15 04:07:16,EWEB-0560
 111,2023-08-15 04:48:01,2023-08-15 04:50:57,EWEB-0560
 111,2023-08-15 04:55:34,2023-08-15 04:59:00,EWEB-0560
 111,2023-08-15 05:46:07,2023-08-15 05:49:02,EWEB-0560
 111,2023-08-15 07:25:22,2023-08-15 07:28:31,EWEB-0560
 111,2023-08-15 11:29:43,2023-08-15 11:32:07,EWEB-0560
 111,2023-08-14 14:44:42,2023-08-14 14:47:25,EWEB-0565
 111,2023-08-14 16:21:26,2023-08-14 16:23:35,EWEB-0565
 111,2023-08-14 16:24:23,2023-08-14 16:30:44,EWEB-0565
 111,2023-08-14 18:07:19,2023-08-14 18:09:29,EWEB-0565
 111,2023-08-14 18:47:26,2023-08-14 18:49:08,EWEB-0565
 111,2023-08-14 21:52:16,2023-08-14 21:55:26,EWEB-0565
 111,2023-08-14 23:37:53,2023-08-14 23:41:17,EWEB-0565
 111,2023-08-15 02:32:37,2023-08-15 02:35:17,EWEB-0565
 111,2023-08-15 02:36:32,2023-08-15 02:39:58,EWEB-0565
 111,2023-08-15 03:26:21,2023-08-15 03:27:48,EWEB-0565
 111,2023-08-15 04:09:19,2023-08-15 04:12:43,EWEB-0565
 111,2023-08-15 04:13:46,2023-08-15 04:15:51,EWEB-0565
 111,2023-08-15 10:13:27,2023-08-15 10:16:35,EWEB-0565
 111,2023-08-15 10:51:04,2023-08-15 10:54:00,EWEB-0565
 111,2023-08-15 11:44:29,2023-08-15 11:47:12,EWEB-0565
 111,2023-08-14 14:56:31,2023-08-14 14:59:49,EWEB-0567
 111,2023-08-14 16:36:43,2023-08-14 16:39:46,EWEB-0567
 111,2023-08-14 16:39:54,2023-08-14 16:43:12,EWEB-0567
 111,2023-08-14 18:20:12,2023-08-14 18:21:03,EWEB-0567
 111,2023-08-14 22:04:14,2023-08-14 22:07:40,EWEB-0567
 111,2023-08-14 23:05:36,2023-08-14 23:07:48,EWEB-0567
 111,2023-08-14 23:50:04,2023-08-14 23:53:17,EWEB-0567
 111,2023-08-15 01:11:54,2023-08-15 01:13:45,EWEB-0567
 111,2023-08-15 02:44:33,2023-08-15 02:47:42,EWEB-0567
 111,2023-08-15 02:48:45,2023-08-15 02:51:57,EWEB-0567
 111,2023-08-15 03:37:49,2023-08-15 03:40:37,EWEB-0567
 111,2023-08-15 04:21:27,2023-08-15 04:24:51,EWEB-0567
 111,2023-08-15 04:29:59,2023-08-15 04:31:52,EWEB-0567
 111,2023-08-15 10:26:19,2023-08-15 10:27:52,EWEB-0567
 111,2023-08-15 11:02:56,2023-08-15 11:06:21,EWEB-0567
 111,2023-08-14 14:32:01,2023-08-14 14:34:42,EWEB-0569
 111,2023-08-14 16:08:46,2023-08-14 16:11:46,EWEB-0569
 111,2023-08-14 16:12:09,2023-08-14 16:17:56,EWEB-0569
 111,2023-08-14 17:01:01,2023-08-14 17:02:12,EWEB-0569
 111,2023-08-14 17:47:46,2023-08-14 17:48:32,EWEB-0569
 111,2023-08-14 17:54:46,2023-08-14 17:57:28,EWEB-0569
 111,2023-08-14 18:34:37,2023-08-14 18:37:29,EWEB-0569
 111,2023-08-14 20:12:07,2023-08-14 20:14:25,EWEB-0569
 111,2023-08-14 21:40:31,2023-08-14 21:42:47,EWEB-0569
 111,2023-08-14 23:25:52,2023-08-14 23:28:55,EWEB-0569
 111,2023-08-15 02:20:38,2023-08-15 02:22:42,EWEB-0569
 111,2023-08-15 02:24:21,2023-08-15 02:27:41,EWEB-0569
 111,2023-08-15 03:57:07,2023-08-15 04:00:26,EWEB-0569
 111,2023-08-15 04:01:14,2023-08-15 04:04:01,EWEB-0569
 111,2023-08-15 10:01:05,2023-08-15 10:04:31,EWEB-0569
 111,2023-08-15 10:39:17,2023-08-15 10:41:18,EWEB-0569
 111,2023-08-15 11:31:59,2023-08-15 11:35:17,EWEB-0569
 111,2023-08-14 13:49:30,2023-08-14 13:52:25,EWEB-0570
 111,2023-08-14 15:27:31,2023-08-14 15:31:32,EWEB-0570
 111,2023-08-14 15:32:41,2023-08-14 15:35:44,EWEB-0570
 111,2023-08-14 16:17:48,2023-08-14 16:21:01,EWEB-0570
 111,2023-08-14 17:04:28,2023-08-14 17:07:32,EWEB-0570
 111,2023-08-14 17:12:09,2023-08-14 17:15:32,EWEB-0570
 111,2023-08-14 17:53:37,2023-08-14 17:54:24,EWEB-0570
 111,2023-08-14 19:30:16,2023-08-14 19:32:06,EWEB-0570
 111,2023-08-14 23:36:55,2023-08-14 23:40:14,EWEB-0570
 111,2023-08-15 01:43:05,2023-08-15 01:46:30,EWEB-0570
 111,2023-08-15 03:16:05,2023-08-15 03:21:49,EWEB-0570
 111,2023-08-15 03:22:26,2023-08-15 03:25:44,EWEB-0570
 111,2023-08-15 04:09:33,2023-08-15 04:12:45,EWEB-0570
 111,2023-08-15 04:53:40,2023-08-15 04:56:22,EWEB-0570
 111,2023-08-15 05:01:09,2023-08-15 05:04:32,EWEB-0570
 111,2023-08-15 05:51:30,2023-08-15 05:54:44,EWEB-0570
 111,2023-08-15 07:30:48,2023-08-15 07:34:09,EWEB-0570
 111,2023-08-15 11:35:42,2023-08-15 11:37:07,EWEB-0570
 111,2023-08-14 15:11:31,2023-08-14 15:14:54,EWEB-0571
 111,2023-08-14 15:16:17,2023-08-14 15:18:21,EWEB-0571
 111,2023-08-14 16:01:29,2023-08-14 16:03:32,EWEB-0571
 111,2023-08-14 16:52:21,2023-08-14 16:54:21,EWEB-0571
 111,2023-08-14 16:55:21,2023-08-14 16:58:29,EWEB-0571
 111,2023-08-14 22:19:39,2023-08-14 22:22:14,EWEB-0571
 111,2023-08-14 23:20:03,2023-08-14 23:23:20,EWEB-0571
 111,2023-08-15 00:05:59,2023-08-15 00:07:27,EWEB-0571
 111,2023-08-15 01:26:20,2023-08-15 01:29:29,EWEB-0571
 111,2023-08-15 02:59:30,2023-08-15 03:02:54,EWEB-0571
 111,2023-08-15 03:02:59,2023-08-15 03:03:52,EWEB-0571
 111,2023-08-15 03:04:14,2023-08-15 03:08:11,EWEB-0571
 111,2023-08-15 03:52:37,2023-08-15 03:55:58,EWEB-0571
 111,2023-08-15 04:36:34,2023-08-15 04:39:48,EWEB-0571
 111,2023-08-15 04:44:23,2023-08-15 04:47:35,EWEB-0571
 111,2023-08-15 05:35:30,2023-08-15 05:36:58,EWEB-0571
 111,2023-08-15 07:14:33,2023-08-15 07:16:41,EWEB-0571
 111,2023-08-15 11:18:02,2023-08-15 11:21:15,EWEB-0571
 111,2023-08-14 14:32:48,2023-08-14 14:35:25,EWEB-0573
 111,2023-08-14 16:09:37,2023-08-14 16:12:44,EWEB-0573
 111,2023-08-14 16:13:04,2023-08-14 16:18:51,EWEB-0573
 111,2023-08-14 17:01:42,2023-08-14 17:03:18,EWEB-0573
 111,2023-08-14 17:48:20,2023-08-14 17:49:47,EWEB-0573
 111,2023-08-14 17:55:38,2023-08-14 17:58:24,EWEB-0573
 111,2023-08-14 18:35:28,2023-08-14 18:38:28,EWEB-0573
 111,2023-08-14 20:12:54,2023-08-14 20:15:28,EWEB-0573
 111,2023-08-14 21:41:40,2023-08-14 21:43:29,EWEB-0573
 111,2023-08-14 23:26:53,2023-08-14 23:29:46,EWEB-0573
 111,2023-08-15 02:21:42,2023-08-15 02:23:29,EWEB-0573
 111,2023-08-15 02:25:18,2023-08-15 02:28:35,EWEB-0573
 111,2023-08-15 03:58:04,2023-08-15 04:01:20,EWEB-0573
 111,2023-08-15 04:02:06,2023-08-15 04:05:02,EWEB-0573
 111,2023-08-15 10:02:03,2023-08-15 10:05:29,EWEB-0573
 111,2023-08-15 10:40:29,2023-08-15 10:42:00,EWEB-0573
 111,2023-08-15 11:32:55,2023-08-15 11:36:17,EWEB-0573
 111,2023-08-14 13:52:47,2023-08-14 13:55:50,EWEB-0588
 111,2023-08-14 15:30:36,2023-08-14 15:34:47,EWEB-0588
 111,2023-08-14 15:36:01,2023-08-14 15:39:08,EWEB-0588
 111,2023-08-14 16:21:07,2023-08-14 16:24:25,EWEB-0588
 111,2023-08-14 17:07:47,2023-08-14 17:10:58,EWEB-0588
 111,2023-08-14 17:15:32,2023-08-14 17:18:56,EWEB-0588
 111,2023-08-14 17:56:33,2023-08-14 17:58:12,EWEB-0588
 111,2023-08-14 19:33:25,2023-08-14 19:35:43,EWEB-0588
 111,2023-08-14 23:40:25,2023-08-14 23:43:36,EWEB-0588
 111,2023-08-15 01:46:33,2023-08-15 01:49:56,EWEB-0588
 111,2023-08-15 03:19:13,2023-08-15 03:25:22,EWEB-0588
 111,2023-08-15 03:25:51,2023-08-15 03:29:14,EWEB-0588
 111,2023-08-15 04:13:04,2023-08-15 04:16:08,EWEB-0588
 111,2023-08-15 04:57:12,2023-08-15 04:59:46,EWEB-0588
 111,2023-08-15 05:04:39,2023-08-15 05:07:58,EWEB-0588
 111,2023-08-15 05:54:55,2023-08-15 05:58:14,EWEB-0588
 111,2023-08-15 07:34:15,2023-08-15 07:37:39,EWEB-0588
 111,2023-08-14 15:30:30,2023-08-14 15:33:14,EWEB-0618
 111,2023-08-14 17:14:12,2023-08-14 17:15:19,EWEB-0618
 111,2023-08-14 17:17:22,2023-08-14 17:19:36,EWEB-0618
 111,2023-08-14 22:51:07,2023-08-14 22:51:51,EWEB-0618
 111,2023-08-14 23:52:33,2023-08-14 23:55:17,EWEB-0618
 111,2023-08-15 02:02:19,2023-08-15 02:05:03,EWEB-0618
 111,2023-08-15 03:38:11,2023-08-15 03:40:58,EWEB-0618
 111,2023-08-15 03:41:22,2023-08-15 03:42:28,EWEB-0618
 111,2023-08-15 03:44:37,2023-08-15 03:46:51,EWEB-0618
 111,2023-08-15 04:32:44,2023-08-15 04:35:22,EWEB-0618
 111,2023-08-15 05:18:10,2023-08-15 05:20:17,EWEB-0618
 111,2023-08-15 05:25:50,2023-08-15 05:28:40,EWEB-0618
 111,2023-08-15 06:17:43,2023-08-15 06:20:01,EWEB-0618
 111,2023-08-15 07:59:40,2023-08-15 08:02:19,EWEB-0618
 111,2023-08-14 15:47:14,2023-08-14 15:48:22,EWEB-0624
 111,2023-08-14 16:34:55,2023-08-14 16:36:16,EWEB-0624
 111,2023-08-14 17:24:01,2023-08-14 17:25:36,EWEB-0624
 111,2023-08-14 17:32:22,2023-08-14 17:33:52,EWEB-0624
 111,2023-08-14 19:57:38,2023-08-14 19:58:51,EWEB-0624
 111,2023-08-15 04:14:15,2023-08-15 04:14:33,EWEB-0624
 111,2023-08-15 11:14:24,2023-08-15 11:15:40,EWEB-0624
 111,2023-08-14 14:22:15,2023-08-14 14:23:35,EWEB-0628
 111,2023-08-14 16:05:05,2023-08-14 16:06:32,EWEB-0628
 111,2023-08-14 16:11:37,2023-08-14 16:12:51,EWEB-0628
 111,2023-08-14 18:39:36,2023-08-14 18:40:40,EWEB-0628
 111,2023-08-14 23:47:52,2023-08-14 23:49:15,EWEB-0628
 111,2023-08-15 02:57:05,2023-08-15 02:58:23,EWEB-0628
 111,2023-08-15 04:35:21,2023-08-15 04:36:41,EWEB-0628
 111,2023-08-14 14:45:16,2023-08-14 14:48:01,EWEB-0631
 111,2023-08-14 16:22:02,2023-08-14 16:24:08,EWEB-0631
 111,2023-08-14 16:24:58,2023-08-14 16:31:20,EWEB-0631
 111,2023-08-14 18:07:55,2023-08-14 18:10:03,EWEB-0631
 111,2023-08-14 18:48:04,2023-08-14 18:49:41,EWEB-0631
 111,2023-08-14 21:52:50,2023-08-14 21:56:01,EWEB-0631
 111,2023-08-14 23:38:27,2023-08-14 23:41:52,EWEB-0631
 111,2023-08-15 02:33:11,2023-08-15 02:35:51,EWEB-0631
 111,2023-08-15 02:37:06,2023-08-15 02:40:32,EWEB-0631
 111,2023-08-15 03:26:52,2023-08-15 03:28:25,EWEB-0631
 111,2023-08-15 04:09:53,2023-08-15 04:13:17,EWEB-0631
 111,2023-08-15 04:14:22,2023-08-15 04:16:24,EWEB-0631
 111,2023-08-15 10:14:01,2023-08-15 10:17:08,EWEB-0631
 111,2023-08-15 10:51:37,2023-08-15 10:54:35,EWEB-0631
 111,2023-08-15 11:45:03,2023-08-15 11:47:44,EWEB-0631
 111,2023-08-14 12:32:09,2023-08-14 12:34:50,EWEB-0530
 111,2023-08-14 13:18:11,2023-08-14 13:20:55,EWEB-0530
 111,2023-08-14 13:25:48,2023-08-14 13:29:01,EWEB-0530
 111,2023-08-14 14:05:13,2023-08-14 14:08:43,EWEB-0530
 111,2023-08-14 15:41:28,2023-08-14 15:44:50,EWEB-0530
 111,2023-08-14 18:54:23,2023-08-14 18:56:11,EWEB-0530
 111,2023-08-14 21:50:32,2023-08-14 21:53:27,EWEB-0530
 111,2023-08-14 23:22:11,2023-08-14 23:29:26,EWEB-0530
 111,2023-08-14 23:29:50,2023-08-14 23:32:39,EWEB-0530
 111,2023-08-15 01:57:23,2023-08-15 02:00:12,EWEB-0530
 111,2023-08-15 03:35:58,2023-08-15 03:38:19,EWEB-0530
 111,2023-08-15 05:22:54,2023-08-15 05:25:37,EWEB-0530
 111,2023-08-15 06:52:34,2023-08-15 06:55:47,EWEB-0530
 111,2023-08-15 10:24:53,2023-08-15 10:28:15,EWEB-0530
 111,2023-08-14 12:00:00,2023-08-14 12:02:35,EWEB-0534
 111,2023-08-14 12:44:59,2023-08-14 12:45:37,EWEB-0534
 111,2023-08-14 13:37:51,2023-08-14 13:40:39,EWEB-0534
 111,2023-08-14 14:17:20,2023-08-14 14:20:11,EWEB-0534
 111,2023-08-14 15:53:48,2023-08-14 15:56:09,EWEB-0534
 111,2023-08-14 17:21:08,2023-08-14 17:23:46,EWEB-0534
 111,2023-08-14 19:05:31,2023-08-14 19:08:45,EWEB-0534
 111,2023-08-14 21:58:33,2023-08-14 22:00:45,EWEB-0534
 111,2023-08-14 22:02:14,2023-08-14 22:05:42,EWEB-0534
 111,2023-08-14 23:34:04,2023-08-14 23:37:31,EWEB-0534
 111,2023-08-14 23:38:03,2023-08-14 23:41:12,EWEB-0534
 111,2023-08-14 23:42:51,2023-08-14 23:43:28,EWEB-0534
 111,2023-08-15 05:34:32,2023-08-15 05:38:04,EWEB-0534
 111,2023-08-15 06:13:03,2023-08-15 06:13:43,EWEB-0534
 111,2023-08-15 07:04:28,2023-08-15 07:08:03,EWEB-0534
 111,2023-08-15 10:36:55,2023-08-15 10:40:30,EWEB-0534
 111,2023-08-15 10:41:54,2023-08-15 10:43:42,EWEB-0534
 111,2023-08-15 11:26:52,2023-08-15 11:28:19,EWEB-0534
 111,2023-08-14 12:14:45,2023-08-14 12:18:14,EWEB-0556
 111,2023-08-14 13:00:46,2023-08-14 13:04:21,EWEB-0556
 111,2023-08-14 13:08:36,2023-08-14 13:12:08,EWEB-0556
 111,2023-08-14 13:48:17,2023-08-14 13:51:42,EWEB-0556
 111,2023-08-14 15:24:22,2023-08-14 15:27:53,EWEB-0556
 111,2023-08-14 19:29:41,2023-08-14 19:32:12,EWEB-0556
 111,2023-08-14 21:34:12,2023-08-14 21:37:22,EWEB-0556
 111,2023-08-14 23:05:12,2023-08-14 23:12:11,EWEB-0556
 111,2023-08-14 23:12:16,2023-08-14 23:15:51,EWEB-0556
 111,2023-08-14 23:59:14,2023-08-15 00:01:58,EWEB-0556
 111,2023-08-15 00:42:51,2023-08-15 00:45:09,EWEB-0556
 111,2023-08-15 00:50:13,2023-08-15 00:53:17,EWEB-0556
 111,2023-08-15 01:39:45,2023-08-15 01:43:19,EWEB-0556
 111,2023-08-15 03:18:06,2023-08-15 03:21:38,EWEB-0556
 111,2023-08-15 10:07:12,2023-08-15 10:10:12,EWEB-0556
 111,2023-08-15 11:42:57,2023-08-15 11:46:10,EWEB-0556
 111,2023-08-15 11:46:19,2023-08-15 11:52:25,EWEB-0556
 111,2023-08-14 12:02:47,2023-08-14 12:04:41,EWEB-0562
 111,2023-08-14 12:05:30,2023-08-14 12:12:08,EWEB-0562
 111,2023-08-14 13:47:18,2023-08-14 13:49:38,EWEB-0562
 111,2023-08-14 14:27:06,2023-08-14 14:28:44,EWEB-0562
 111,2023-08-14 17:29:45,2023-08-14 17:33:09,EWEB-0562
 111,2023-08-14 19:14:16,2023-08-14 19:17:51,EWEB-0562
 111,2023-08-14 22:07:09,2023-08-14 22:09:57,EWEB-0562
 111,2023-08-14 22:11:01,2023-08-14 22:14:37,EWEB-0562
 111,2023-08-14 23:00:22,2023-08-14 23:01:51,EWEB-0562
 111,2023-08-14 23:42:50,2023-08-14 23:46:23,EWEB-0562
 111,2023-08-14 23:47:04,2023-08-14 23:49:42,EWEB-0562
 111,2023-08-15 05:43:04,2023-08-15 05:46:39,EWEB-0562
 111,2023-08-15 06:20:42,2023-08-15 06:23:14,EWEB-0562
 111,2023-08-15 07:13:03,2023-08-15 07:16:29,EWEB-0562
 111,2023-08-15 09:08:06,2023-08-15 09:09:48,EWEB-0562
 111,2023-08-15 10:45:21,2023-08-15 10:48:53,EWEB-0562
 111,2023-08-15 10:49:54,2023-08-15 10:52:26,EWEB-0562
 111,2023-08-15 11:34:39,2023-08-15 11:37:13,EWEB-0562
 111,2023-08-14 12:00:00,2023-08-14 12:01:26,EWEB-0563
 111,2023-08-14 12:01:59,2023-08-14 12:08:32,EWEB-0563
 111,2023-08-14 13:43:48,2023-08-14 13:46:19,EWEB-0563
 111,2023-08-14 14:23:26,2023-08-14 14:25:42,EWEB-0563
 111,2023-08-14 16:00:12,2023-08-14 16:01:26,EWEB-0563
 111,2023-08-14 17:26:43,2023-08-14 17:29:53,EWEB-0563
 111,2023-08-14 19:11:17,2023-08-14 19:14:46,EWEB-0563
 111,2023-08-14 22:04:22,2023-08-14 22:06:57,EWEB-0563
 111,2023-08-14 22:08:10,2023-08-14 22:11:44,EWEB-0563
 111,2023-08-14 23:40:04,2023-08-14 23:43:35,EWEB-0563
 111,2023-08-14 23:44:12,2023-08-14 23:47:03,EWEB-0563
 111,2023-08-15 05:40:40,2023-08-15 05:44:16,EWEB-0563
 111,2023-08-15 06:18:32,2023-08-15 06:20:40,EWEB-0563
 111,2023-08-15 07:10:43,2023-08-15 07:14:14,EWEB-0563
 111,2023-08-15 09:06:15,2023-08-15 09:07:19,EWEB-0563
 111,2023-08-15 10:43:16,2023-08-15 10:46:49,EWEB-0563
 111,2023-08-15 10:47:56,2023-08-15 10:50:16,EWEB-0563
 111,2023-08-15 11:32:46,2023-08-15 11:35:04,EWEB-0563
 111,2023-08-14 12:28:01,2023-08-14 12:30:57,EWEB-0564
 111,2023-08-14 13:14:04,2023-08-14 13:17:05,EWEB-0564
 111,2023-08-14 13:21:47,2023-08-14 13:25:05,EWEB-0564
 111,2023-08-14 14:01:15,2023-08-14 14:04:48,EWEB-0564
 111,2023-08-14 15:37:31,2023-08-14 15:41:00,EWEB-0564
 111,2023-08-14 18:51:15,2023-08-14 18:51:44,EWEB-0564
 111,2023-08-14 21:46:56,2023-08-14 21:50:06,EWEB-0564
 111,2023-08-14 23:18:33,2023-08-14 23:25:46,EWEB-0564
 111,2023-08-14 23:26:03,2023-08-14 23:29:06,EWEB-0564
 111,2023-08-15 00:57:17,2023-08-15 00:57:51,EWEB-0564
 111,2023-08-15 01:04:45,2023-08-15 01:05:54,EWEB-0564
 111,2023-08-15 01:53:39,2023-08-15 01:56:43,EWEB-0564
 111,2023-08-15 03:32:13,2023-08-15 03:34:57,EWEB-0564
 111,2023-08-15 05:19:36,2023-08-15 05:21:53,EWEB-0564
 111,2023-08-15 06:49:12,2023-08-15 06:52:10,EWEB-0564
 111,2023-08-15 10:21:33,2023-08-15 10:24:47,EWEB-0564
 111,2023-08-15 11:57:54,2023-08-15 11:59:37,EWEB-0564
 111,2023-08-14 12:22:14,2023-08-14 12:25:22,EWEB-0656
 111,2023-08-14 13:08:30,2023-08-14 13:11:45,EWEB-0656
 111,2023-08-14 13:16:20,2023-08-14 13:19:40,EWEB-0656
 111,2023-08-14 13:56:04,2023-08-14 13:59:34,EWEB-0656
 111,2023-08-14 15:32:46,2023-08-14 15:36:15,EWEB-0656
 111,2023-08-14 21:44:12,2023-08-14 21:47:19,EWEB-0656
 111,2023-08-14 23:16:07,2023-08-14 23:23:14,EWEB-0656
 111,2023-08-14 23:23:31,2023-08-14 23:26:40,EWEB-0656
 111,2023-08-15 00:11:24,2023-08-15 00:12:22,EWEB-0656
 111,2023-08-15 00:55:05,2023-08-15 00:55:57,EWEB-0656
 111,2023-08-15 01:02:33,2023-08-15 01:04:06,EWEB-0656
 111,2023-08-15 01:51:51,2023-08-15 01:54:58,EWEB-0656
 111,2023-08-15 03:30:54,2023-08-15 03:33:40,EWEB-0656
 111,2023-08-15 05:18:59,2023-08-15 05:20:56,EWEB-0656
 111,2023-08-15 06:48:56,2023-08-15 06:51:44,EWEB-0656
 111,2023-08-15 10:22:14,2023-08-15 10:25:25,EWEB-0656
 111,2023-08-14 12:22:34,2023-08-14 12:25:42,EWEB-0663
 111,2023-08-14 13:08:48,2023-08-14 13:12:03,EWEB-0663
 111,2023-08-14 13:16:39,2023-08-14 13:19:58,EWEB-0663
 111,2023-08-14 13:56:22,2023-08-14 13:59:52,EWEB-0663
 111,2023-08-14 15:33:02,2023-08-14 15:36:31,EWEB-0663
 111,2023-08-14 21:44:21,2023-08-14 21:47:29,EWEB-0663
 111,2023-08-14 23:16:15,2023-08-14 23:23:22,EWEB-0663
 111,2023-08-14 23:23:39,2023-08-14 23:26:47,EWEB-0663
 111,2023-08-15 00:11:31,2023-08-15 00:12:28,EWEB-0663
 111,2023-08-15 00:55:11,2023-08-15 00:56:03,EWEB-0663
 111,2023-08-15 01:02:39,2023-08-15 01:04:12,EWEB-0663
 111,2023-08-15 01:51:56,2023-08-15 01:55:03,EWEB-0663
 111,2023-08-15 03:30:57,2023-08-15 03:33:44,EWEB-0663
 111,2023-08-15 05:19:00,2023-08-15 05:20:57,EWEB-0663
 111,2023-08-15 06:48:56,2023-08-15 06:51:44,EWEB-0663
 111,2023-08-15 10:22:11,2023-08-15 10:25:22,EWEB-0663
 111,2023-08-14 12:00:00,2023-08-14 12:05:53,EWEB-0664
 111,2023-08-14 13:41:44,2023-08-14 13:44:12,EWEB-0664
 111,2023-08-14 14:21:31,2023-08-14 14:23:50,EWEB-0664
 111,2023-08-14 15:58:44,2023-08-14 16:00:01,EWEB-0664
 111,2023-08-14 17:25:47,2023-08-14 17:28:47,EWEB-0664
 111,2023-08-14 19:10:47,2023-08-14 19:14:11,EWEB-0664
 111,2023-08-14 22:04:42,2023-08-14 22:07:10,EWEB-0664
 111,2023-08-14 22:08:29,2023-08-14 22:11:59,EWEB-0664
 111,2023-08-14 23:40:50,2023-08-14 23:44:15,EWEB-0664
 111,2023-08-14 23:45:00,2023-08-14 23:47:42,EWEB-0664
 111,2023-08-15 05:43:06,2023-08-15 05:46:36,EWEB-0664
 111,2023-08-15 06:21:00,2023-08-15 06:23:21,EWEB-0664
 111,2023-08-15 07:13:37,2023-08-15 07:16:56,EWEB-0664
 111,2023-08-15 09:09:15,2023-08-15 09:10:59,EWEB-0664
 111,2023-08-15 10:47:09,2023-08-15 10:50:32,EWEB-0664
 111,2023-08-15 10:51:39,2023-08-15 10:54:11,EWEB-0664
 111,2023-08-15 11:36:37,2023-08-15 11:39:14,EWEB-0664
 111,2023-08-14 12:32:04,2023-08-14 12:34:36,EWEB-0666
 111,2023-08-14 13:18:19,2023-08-14 13:20:55,EWEB-0666
 111,2023-08-14 13:25:58,2023-08-14 13:29:05,EWEB-0666
 111,2023-08-14 14:05:34,2023-08-14 14:08:59,EWEB-0666
 111,2023-08-14 15:42:19,2023-08-14 15:45:33,EWEB-0666
 111,2023-08-14 18:56:01,2023-08-14 18:58:01,EWEB-0666
 111,2023-08-14 21:53:07,2023-08-14 21:56:05,EWEB-0666
 111,2023-08-14 23:25:16,2023-08-14 23:32:26,EWEB-0666
 111,2023-08-14 23:33:06,2023-08-14 23:35:32,EWEB-0666
 111,2023-08-15 02:01:25,2023-08-15 02:03:44,EWEB-0666
 111,2023-08-15 03:40:42,2023-08-15 03:42:07,EWEB-0666
 111,2023-08-15 05:27:31,2023-08-15 05:30:35,EWEB-0666
 111,2023-08-15 06:57:43,2023-08-15 07:01:06,EWEB-0666
 111,2023-08-15 10:31:05,2023-08-15 10:34:32,EWEB-0666
 111,2023-08-15 10:36:45,2023-08-15 10:37:09,EWEB-0666
 111,2023-08-14 12:32:50,2023-08-14 12:35:16,EWEB-0667
 111,2023-08-14 13:19:09,2023-08-14 13:21:38,EWEB-0667
 111,2023-08-14 13:26:47,2023-08-14 13:29:50,EWEB-0667
 111,2023-08-14 14:06:26,2023-08-14 14:09:47,EWEB-0667
 111,2023-08-14 15:43:19,2023-08-14 15:46:28,EWEB-0667
 111,2023-08-14 18:57:08,2023-08-14 18:59:19,EWEB-0667
 111,2023-08-14 21:51:22,2023-08-14 21:52:00,EWEB-0667
 111,2023-08-14 21:54:33,2023-08-14 21:57:34,EWEB-0667
 111,2023-08-14 23:26:51,2023-08-14 23:33:59,EWEB-0667
 111,2023-08-14 23:34:49,2023-08-14 23:37:00,EWEB-0667
 111,2023-08-15 02:03:22,2023-08-15 02:05:23,EWEB-0667
 111,2023-08-15 03:43:04,2023-08-15 03:43:37,EWEB-0667
 111,2023-08-15 05:29:32,2023-08-15 05:32:44,EWEB-0667
 111,2023-08-15 06:59:55,2023-08-15 07:03:20,EWEB-0667
 111,2023-08-15 10:33:37,2023-08-15 10:37:05,EWEB-0667
 111,2023-08-15 10:38:57,2023-08-15 10:40:01,EWEB-0667
 111,2023-08-14 12:25:09,2023-08-14 12:28:08,EWEB-0669
 111,2023-08-14 13:11:25,2023-08-14 13:14:30,EWEB-0669
 111,2023-08-14 13:19:13,2023-08-14 13:22:29,EWEB-0669
 111,2023-08-14 13:58:54,2023-08-14 14:02:24,EWEB-0669
 111,2023-08-14 15:35:37,2023-08-14 15:39:04,EWEB-0669
 111,2023-08-14 21:46:53,2023-08-14 21:49:55,EWEB-0669
 111,2023-08-14 23:18:54,2023-08-14 23:26:03,EWEB-0669
 111,2023-08-14 23:26:25,2023-08-14 23:29:23,EWEB-0669
 111,2023-08-15 01:05:49,2023-08-15 01:06:26,EWEB-0669
 111,2023-08-15 01:54:45,2023-08-15 01:57:41,EWEB-0669
 111,2023-08-15 03:33:51,2023-08-15 03:36:19,EWEB-0669
 111,2023-08-15 05:21:32,2023-08-15 05:23:58,EWEB-0669
 111,2023-08-15 06:51:37,2023-08-15 06:54:39,EWEB-0669
 111,2023-08-15 10:24:58,2023-08-15 10:28:16,EWEB-0669
 111,2023-08-14 12:36:32,2023-08-14 12:38:34,EWEB-0672
 111,2023-08-14 13:22:52,2023-08-14 13:24:53,EWEB-0672
 111,2023-08-14 13:30:19,2023-08-14 13:33:16,EWEB-0672
 111,2023-08-14 14:09:57,2023-08-14 14:13:10,EWEB-0672
 111,2023-08-14 15:46:51,2023-08-14 15:49:46,EWEB-0672
 111,2023-08-14 17:15:44,2023-08-14 17:16:50,EWEB-0672
 111,2023-08-14 19:00:13,2023-08-14 19:02:52,EWEB-0672
 111,2023-08-14 21:54:16,2023-08-14 21:55:40,EWEB-0672
 111,2023-08-14 21:57:44,2023-08-14 22:00:56,EWEB-0672
 111,2023-08-14 23:30:03,2023-08-14 23:33:41,EWEB-0672
 111,2023-08-14 23:33:55,2023-08-14 23:37:10,EWEB-0672
 111,2023-08-14 23:38:17,2023-08-14 23:39:57,EWEB-0672
 111,2023-08-15 02:06:50,2023-08-15 02:08:11,EWEB-0672
 111,2023-08-15 05:32:31,2023-08-15 05:35:53,EWEB-0672
 111,2023-08-15 07:02:55,2023-08-15 07:06:25,EWEB-0672
 111,2023-08-15 10:36:33,2023-08-15 10:40:03,EWEB-0672
 111,2023-08-15 10:41:38,2023-08-15 10:43:13,EWEB-0672
 111,2023-08-15 11:26:53,2023-08-15 11:28:02,EWEB-0672
 111,2023-08-14 12:47:26,2023-08-14 12:51:06,EWEB-0537
 111,2023-08-14 16:52:14,2023-08-14 16:53:47,EWEB-0537
 111,2023-08-14 18:55:28,2023-08-14 18:58:44,EWEB-0537
 111,2023-08-14 20:26:10,2023-08-14 20:36:50,EWEB-0537
 111,2023-08-14 21:20:04,2023-08-14 21:22:38,EWEB-0537
 111,2023-08-14 22:03:23,2023-08-14 22:05:43,EWEB-0537
 111,2023-08-14 22:10:48,2023-08-14 22:13:43,EWEB-0537
 111,2023-08-14 23:00:00,2023-08-14 23:03:36,EWEB-0537
 111,2023-08-15 00:37:53,2023-08-15 00:41:24,EWEB-0537
 111,2023-08-15 03:55:05,2023-08-15 03:56:02,EWEB-0537
 111,2023-08-15 07:24:58,2023-08-15 07:28:05,EWEB-0537
 111,2023-08-15 09:00:07,2023-08-15 09:03:19,EWEB-0537
 111,2023-08-15 09:03:25,2023-08-15 09:09:53,EWEB-0537
 111,2023-08-15 09:51:26,2023-08-15 09:53:04,EWEB-0537
 111,2023-08-15 10:37:18,2023-08-15 10:38:54,EWEB-0537
 111,2023-08-15 10:44:28,2023-08-15 10:47:25,EWEB-0537
 111,2023-08-15 11:23:38,2023-08-15 11:26:51,EWEB-0537
 111,2023-08-14 12:33:06,2023-08-14 12:36:25,EWEB-0538
 111,2023-08-14 16:36:47,2023-08-14 16:40:03,EWEB-0538
 111,2023-08-14 18:40:55,2023-08-14 18:44:32,EWEB-0538
 111,2023-08-14 20:12:04,2023-08-14 20:18:30,EWEB-0538
 111,2023-08-14 20:18:42,2023-08-14 20:22:19,EWEB-0538
 111,2023-08-14 21:05:08,2023-08-14 21:08:34,EWEB-0538
 111,2023-08-14 21:48:31,2023-08-14 21:51:35,EWEB-0538
 111,2023-08-14 21:55:56,2023-08-14 21:59:34,EWEB-0538
 111,2023-08-14 22:45:31,2023-08-14 22:49:01,EWEB-0538
 111,2023-08-15 00:23:20,2023-08-15 00:26:54,EWEB-0538
 111,2023-08-15 04:24:00,2023-08-15 04:26:42,EWEB-0538
 111,2023-08-15 07:09:45,2023-08-15 07:13:06,EWEB-0538
 111,2023-08-15 08:45:18,2023-08-15 08:54:56,EWEB-0538
 111,2023-08-15 09:36:04,2023-08-15 09:39:12,EWEB-0538
 111,2023-08-15 10:21:52,2023-08-15 10:25:07,EWEB-0538
 111,2023-08-15 10:29:36,2023-08-15 10:33:00,EWEB-0538
 111,2023-08-15 11:08:52,2023-08-15 11:12:31,EWEB-0538
 111,2023-08-14 14:58:31,2023-08-14 15:02:11,EWEB-0546
 111,2023-08-14 15:58:50,2023-08-14 16:01:32,EWEB-0546
 111,2023-08-14 16:42:44,2023-08-14 16:46:13,EWEB-0546
 111,2023-08-14 18:03:23,2023-08-14 18:05:21,EWEB-0546
 111,2023-08-14 19:34:35,2023-08-14 19:37:51,EWEB-0546
 111,2023-08-14 19:38:36,2023-08-14 19:42:11,EWEB-0546
 111,2023-08-14 20:27:09,2023-08-14 20:29:56,EWEB-0546
 111,2023-08-14 21:09:56,2023-08-14 21:13:36,EWEB-0546
 111,2023-08-14 21:14:33,2023-08-14 21:16:22,EWEB-0546
 111,2023-08-14 21:18:46,2023-08-14 21:20:04,EWEB-0546
 111,2023-08-15 03:08:31,2023-08-15 03:11:49,EWEB-0546
 111,2023-08-15 03:45:29,2023-08-15 03:48:45,EWEB-0546
 111,2023-08-15 04:38:05,2023-08-15 04:41:07,EWEB-0546
 111,2023-08-15 06:31:43,2023-08-15 06:34:38,EWEB-0546
 111,2023-08-15 08:09:11,2023-08-15 08:12:32,EWEB-0546
 111,2023-08-15 08:13:16,2023-08-15 08:16:25,EWEB-0546
 111,2023-08-15 08:57:45,2023-08-15 09:00:59,EWEB-0546
 111,2023-08-15 09:43:51,2023-08-15 09:46:40,EWEB-0546
 111,2023-08-15 09:49:03,2023-08-15 09:49:56,EWEB-0546
 111,2023-08-15 09:51:09,2023-08-15 09:54:45,EWEB-0546
 111,2023-08-14 15:19:25,2023-08-14 15:21:09,EWEB-0547
 111,2023-08-14 16:22:58,2023-08-14 16:24:45,EWEB-0547
 111,2023-08-14 18:35:12,2023-08-14 18:36:38,EWEB-0547
 111,2023-08-14 20:12:30,2023-08-14 20:14:35,EWEB-0547
 111,2023-08-14 21:08:07,2023-08-14 21:10:06,EWEB-0547
 111,2023-08-14 21:54:13,2023-08-14 21:55:50,EWEB-0547
 111,2023-08-14 22:02:08,2023-08-14 22:04:16,EWEB-0547
 111,2023-08-14 22:55:26,2023-08-14 22:56:15,EWEB-0547
 111,2023-08-15 00:38:54,2023-08-15 00:40:49,EWEB-0547
 111,2023-08-15 07:51:56,2023-08-15 07:53:35,EWEB-0547
 111,2023-08-15 09:37:04,2023-08-15 09:38:01,EWEB-0547
 111,2023-08-15 09:41:04,2023-08-15 09:41:45,EWEB-0547
 111,2023-08-14 13:17:13,2023-08-14 13:18:16,EWEB-0548
 111,2023-08-14 14:43:08,2023-08-14 14:46:23,EWEB-0548
 111,2023-08-14 16:27:05,2023-08-14 16:30:39,EWEB-0548
 111,2023-08-14 19:19:17,2023-08-14 19:21:45,EWEB-0548
 111,2023-08-14 19:22:58,2023-08-14 19:26:35,EWEB-0548
 111,2023-08-14 20:54:21,2023-08-14 20:57:53,EWEB-0548
 111,2023-08-14 20:58:19,2023-08-14 21:01:29,EWEB-0548
 111,2023-08-15 02:52:46,2023-08-15 02:56:25,EWEB-0548
 111,2023-08-15 03:30:52,2023-08-15 03:32:05,EWEB-0548
 111,2023-08-15 04:22:12,2023-08-15 04:25:52,EWEB-0548
 111,2023-08-15 07:53:24,2023-08-15 07:57:04,EWEB-0548
 111,2023-08-15 07:58:12,2023-08-15 08:00:24,EWEB-0548
 111,2023-08-15 08:42:55,2023-08-15 08:44:44,EWEB-0548
 111,2023-08-15 09:32:21,2023-08-15 09:35:16,EWEB-0548
 111,2023-08-15 09:35:43,2023-08-15 09:39:01,EWEB-0548
 111,2023-08-14 15:03:42,2023-08-14 15:05:43,EWEB-0549
 111,2023-08-14 16:54:21,2023-08-14 16:56:12,EWEB-0549
 111,2023-08-14 19:57:03,2023-08-14 19:58:34,EWEB-0549
 111,2023-08-14 20:01:24,2023-08-14 20:02:58,EWEB-0549
 111,2023-08-14 20:52:47,2023-08-14 20:54:01,EWEB-0549
 111,2023-08-14 21:38:17,2023-08-14 21:40:21,EWEB-0549
 111,2023-08-15 09:20:38,2023-08-15 09:22:40,EWEB-0549
 111,2023-08-14 12:53:09,2023-08-14 12:55:08,EWEB-0550
 111,2023-08-14 21:00:42,2023-08-14 21:01:44,EWEB-0550
 111,2023-08-14 21:04:21,2023-08-14 21:06:12,EWEB-0550
 111,2023-08-15 03:21:37,2023-08-15 03:23:00,EWEB-0550
 111,2023-08-15 04:01:09,2023-08-15 04:02:08,EWEB-0550
 111,2023-08-15 06:57:17,2023-08-15 06:59:09,EWEB-0550
 111,2023-08-15 08:39:32,2023-08-15 08:40:38,EWEB-0550
 111,2023-08-15 08:45:22,2023-08-15 08:47:23,EWEB-0550
 111,2023-08-15 09:32:47,2023-08-15 09:34:40,EWEB-0550
 111,2023-08-15 10:21:31,2023-08-15 10:23:34,EWEB-0550
 111,2023-08-15 10:29:55,2023-08-15 10:31:42,EWEB-0550
 111,2023-08-15 11:11:57,2023-08-15 11:13:39,EWEB-0550
 111,2023-08-14 16:39:26,2023-08-14 16:41:24,EWEB-0552
 111,2023-08-14 19:45:54,2023-08-14 19:48:07,EWEB-0552
 111,2023-08-14 21:22:53,2023-08-14 21:25:00,EWEB-0552
 111,2023-08-15 04:22:30,2023-08-15 04:24:34,EWEB-0552
 111,2023-08-15 07:18:56,2023-08-15 07:20:40,EWEB-0552
 111,2023-08-15 09:00:24,2023-08-15 09:02:30,EWEB-0552
 111,2023-08-15 09:04:16,2023-08-15 09:06:12,EWEB-0552
 111,2023-08-15 09:06:52,2023-08-15 09:08:44,EWEB-0552
 111,2023-08-15 11:33:12,2023-08-15 11:34:39,EWEB-0552
 111,2023-08-14 12:25:23,2023-08-14 12:28:01,EWEB-0553
 111,2023-08-14 16:28:32,2023-08-14 16:32:08,EWEB-0553
 111,2023-08-14 18:32:48,2023-08-14 18:36:29,EWEB-0553
 111,2023-08-14 20:04:41,2023-08-14 20:10:09,EWEB-0553
 111,2023-08-14 20:10:10,2023-08-14 20:14:05,EWEB-0553
 111,2023-08-14 20:56:58,2023-08-14 21:00:35,EWEB-0553
 111,2023-08-14 21:40:20,2023-08-14 21:43:39,EWEB-0553
 111,2023-08-14 21:47:50,2023-08-14 21:51:31,EWEB-0553
 111,2023-08-14 22:37:39,2023-08-14 22:40:43,EWEB-0553
 111,2023-08-15 00:15:25,2023-08-15 00:18:39,EWEB-0553
 111,2023-08-15 04:15:39,2023-08-15 04:18:58,EWEB-0553
 111,2023-08-15 07:01:32,2023-08-15 07:05:08,EWEB-0553
 111,2023-08-15 08:37:15,2023-08-15 08:40:53,EWEB-0553
 111,2023-08-15 08:41:06,2023-08-15 08:46:52,EWEB-0553
 111,2023-08-15 09:27:49,2023-08-15 09:31:17,EWEB-0553
 111,2023-08-15 10:13:37,2023-08-15 10:17:12,EWEB-0553
 111,2023-08-15 10:21:26,2023-08-15 10:24:58,EWEB-0553
 111,2023-08-15 11:00:52,2023-08-15 11:04:25,EWEB-0553
 111,2023-08-14 12:37:53,2023-08-14 12:41:24,EWEB-0554
 111,2023-08-14 16:41:53,2023-08-14 16:44:47,EWEB-0554
 111,2023-08-14 18:45:52,2023-08-14 18:49:21,EWEB-0554
 111,2023-08-14 20:16:45,2023-08-14 20:23:30,EWEB-0554
 111,2023-08-14 20:23:34,2023-08-14 20:27:14,EWEB-0554
 111,2023-08-14 21:10:09,2023-08-14 21:13:22,EWEB-0554
 111,2023-08-14 21:53:30,2023-08-14 21:56:21,EWEB-0554
 111,2023-08-14 22:00:54,2023-08-14 22:04:22,EWEB-0554
 111,2023-08-14 22:50:22,2023-08-14 22:54:00,EWEB-0554
 111,2023-08-15 00:28:12,2023-08-15 00:31:52,EWEB-0554
 111,2023-08-15 04:29:12,2023-08-15 04:31:15,EWEB-0554
 111,2023-08-15 07:14:48,2023-08-15 07:17:52,EWEB-0554
 111,2023-08-15 08:50:15,2023-08-15 08:59:49,EWEB-0554
 111,2023-08-15 09:41:11,2023-08-15 09:43:57,EWEB-0554
 111,2023-08-15 10:26:58,2023-08-15 10:29:52,EWEB-0554
 111,2023-08-15 10:34:36,2023-08-15 10:37:52,EWEB-0554
 111,2023-08-15 11:13:49,2023-08-15 11:17:24,EWEB-0554
 111,2023-08-14 14:45:49,2023-08-14 14:49:15,EWEB-0555
 111,2023-08-14 16:29:50,2023-08-14 16:33:28,EWEB-0555
 111,2023-08-14 19:21:58,2023-08-14 19:24:38,EWEB-0555
 111,2023-08-14 19:25:44,2023-08-14 19:29:23,EWEB-0555
 111,2023-08-14 20:15:14,2023-08-14 20:16:01,EWEB-0555
 111,2023-08-14 20:57:06,2023-08-14 21:00:41,EWEB-0555
 111,2023-08-14 21:01:09,2023-08-14 21:04:09,EWEB-0555
 111,2023-08-15 02:55:30,2023-08-15 02:59:11,EWEB-0555
 111,2023-08-15 03:33:17,2023-08-15 03:35:12,EWEB-0555
 111,2023-08-15 04:24:57,2023-08-15 04:28:36,EWEB-0555
 111,2023-08-15 06:19:53,2023-08-15 06:20:53,EWEB-0555
 111,2023-08-15 07:56:09,2023-08-15 07:59:49,EWEB-0555
 111,2023-08-15 08:00:49,2023-08-15 08:03:15,EWEB-0555
 111,2023-08-15 08:45:27,2023-08-15 08:47:40,EWEB-0555
 111,2023-08-15 09:35:13,2023-08-15 09:37:55,EWEB-0555
 111,2023-08-15 09:38:25,2023-08-15 09:41:47,EWEB-0555
 111,2023-08-14 12:17:48,2023-08-14 12:18:55,EWEB-0557
 111,2023-08-14 15:21:20,2023-08-14 15:22:54,EWEB-0557
 111,2023-08-14 16:20:06,2023-08-14 16:23:47,EWEB-0557
 111,2023-08-14 18:24:28,2023-08-14 18:28:01,EWEB-0557
 111,2023-08-14 19:56:16,2023-08-14 20:05:23,EWEB-0557
 111,2023-08-14 20:48:35,2023-08-14 20:52:13,EWEB-0557
 111,2023-08-14 21:31:51,2023-08-14 21:35:20,EWEB-0557
 111,2023-08-14 21:39:31,2023-08-14 21:43:02,EWEB-0557
 111,2023-08-14 22:29:40,2023-08-14 22:31:54,EWEB-0557
 111,2023-08-15 00:07:23,2023-08-15 00:09:54,EWEB-0557
 111,2023-08-15 04:07:07,2023-08-15 04:10:43,EWEB-0557
 111,2023-08-15 06:53:06,2023-08-15 06:56:46,EWEB-0557
 111,2023-08-15 08:29:00,2023-08-15 08:38:27,EWEB-0557
 111,2023-08-15 09:19:20,2023-08-15 09:22:57,EWEB-0557
 111,2023-08-15 10:05:10,2023-08-15 10:08:51,EWEB-0557
 111,2023-08-15 10:12:57,2023-08-15 10:16:36,EWEB-0557
 111,2023-08-15 10:52:40,2023-08-15 10:55:52,EWEB-0557
 111,2023-08-14 16:41:38,2023-08-14 16:43:35,EWEB-0558
 111,2023-08-14 18:53:34,2023-08-14 18:55:43,EWEB-0558
 111,2023-08-14 20:31:15,2023-08-14 20:33:12,EWEB-0558
 111,2023-08-14 20:34:00,2023-08-14 20:35:21,EWEB-0558
 111,2023-08-14 20:37:27,2023-08-14 20:39:35,EWEB-0558
 111,2023-08-14 21:27:16,2023-08-14 21:28:11,EWEB-0558
 111,2023-08-14 22:21:08,2023-08-14 22:22:26,EWEB-0558
 111,2023-08-14 23:13:26,2023-08-14 23:15:27,EWEB-0558
 111,2023-08-15 00:57:41,2023-08-15 00:59:04,EWEB-0558
 111,2023-08-15 04:25:55,2023-08-15 04:27:22,EWEB-0558
 111,2023-08-15 08:10:06,2023-08-15 08:12:09,EWEB-0558
 111,2023-08-15 09:58:46,2023-08-15 10:00:40,EWEB-0558
 111,2023-08-14 16:48:48,2023-08-14 16:50:20,EWEB-0559
 111,2023-08-14 18:59:51,2023-08-14 19:02:00,EWEB-0559
 111,2023-08-14 20:37:02,2023-08-14 20:38:59,EWEB-0559
 111,2023-08-14 20:39:27,2023-08-14 20:41:31,EWEB-0559
 111,2023-08-14 20:43:06,2023-08-14 20:45:28,EWEB-0559
 111,2023-08-14 22:26:52,2023-08-14 22:27:08,EWEB-0559
 111,2023-08-14 23:18:20,2023-08-14 23:20:25,EWEB-0559
 111,2023-08-15 01:02:19,2023-08-15 01:03:14,EWEB-0559
 111,2023-08-15 02:54:54,2023-08-15 02:55:56,EWEB-0559
 111,2023-08-15 04:28:54,2023-08-15 04:31:00,EWEB-0559
 111,2023-08-15 08:12:10,2023-08-15 08:14:22,EWEB-0559
 111,2023-08-15 10:00:11,2023-08-15 10:02:22,EWEB-0559
 111,2023-08-14 15:10:57,2023-08-14 15:13:10,EWEB-0566
 111,2023-08-14 17:02:12,2023-08-14 17:02:59,EWEB-0566
 111,2023-08-14 20:04:10,2023-08-14 20:06:03,EWEB-0566
 111,2023-08-14 20:59:45,2023-08-14 21:01:34,EWEB-0566
 111,2023-08-14 21:45:35,2023-08-14 21:47:32,EWEB-0566
 111,2023-08-14 21:53:52,2023-08-14 21:55:35,EWEB-0566
 111,2023-08-15 00:30:50,2023-08-15 00:31:45,EWEB-0566
 111,2023-08-15 09:27:44,2023-08-15 09:29:34,EWEB-0566
 111,2023-08-14 15:13:05,2023-08-14 15:16:01,EWEB-0568
 111,2023-08-14 16:12:35,2023-08-14 16:16:08,EWEB-0568
 111,2023-08-14 16:57:35,2023-08-14 16:59:49,EWEB-0568
 111,2023-08-14 18:17:01,2023-08-14 18:20:15,EWEB-0568
 111,2023-08-14 19:48:42,2023-08-14 19:52:17,EWEB-0568
 111,2023-08-14 19:53:05,2023-08-14 19:57:12,EWEB-0568
 111,2023-08-14 20:41:03,2023-08-14 20:44:32,EWEB-0568
 111,2023-08-14 21:24:12,2023-08-14 21:27:48,EWEB-0568
 111,2023-08-14 21:32:07,2023-08-14 21:35:14,EWEB-0568
 111,2023-08-15 00:00:53,2023-08-15 00:01:11,EWEB-0568
 111,2023-08-15 03:23:46,2023-08-15 03:24:57,EWEB-0568
 111,2023-08-15 03:59:30,2023-08-15 04:03:10,EWEB-0568
 111,2023-08-15 06:45:33,2023-08-15 06:49:08,EWEB-0568
 111,2023-08-15 08:21:41,2023-08-15 08:30:48,EWEB-0568
 111,2023-08-15 09:11:44,2023-08-15 09:15:21,EWEB-0568
 111,2023-08-15 09:57:38,2023-08-15 10:01:12,EWEB-0568
 111,2023-08-15 10:05:19,2023-08-15 10:08:59,EWEB-0568
 111,2023-08-15 10:45:28,2023-08-15 10:47:56,EWEB-0568
 111,2023-08-14 15:13:21,2023-08-14 15:15:46,EWEB-0574
 111,2023-08-14 16:16:54,2023-08-14 16:18:27,EWEB-0574
 111,2023-08-14 17:03:58,2023-08-14 17:04:47,EWEB-0574
 111,2023-08-14 18:28:28,2023-08-14 18:29:04,EWEB-0574
 111,2023-08-14 20:04:35,2023-08-14 20:06:48,EWEB-0574
 111,2023-08-14 20:09:28,2023-08-14 20:10:29,EWEB-0574
 111,2023-08-14 20:59:48,2023-08-14 21:01:57,EWEB-0574
 111,2023-08-14 21:45:20,2023-08-14 21:47:36,EWEB-0574
 111,2023-08-14 21:53:34,2023-08-14 21:55:36,EWEB-0574
 111,2023-08-15 00:29:30,2023-08-15 00:30:46,EWEB-0574
 111,2023-08-15 09:22:47,2023-08-15 09:25:05,EWEB-0574
 111,2023-08-14 12:20:05,2023-08-14 12:21:46,EWEB-0575
 111,2023-08-14 15:24:17,2023-08-14 15:25:05,EWEB-0575
 111,2023-08-14 16:22:41,2023-08-14 16:26:22,EWEB-0575
 111,2023-08-14 18:27:02,2023-08-14 18:30:38,EWEB-0575
 111,2023-08-14 19:58:51,2023-08-14 20:08:04,EWEB-0575
 111,2023-08-14 20:51:10,2023-08-14 20:54:48,EWEB-0575
 111,2023-08-14 21:34:27,2023-08-14 21:37:55,EWEB-0575
 111,2023-08-14 21:42:05,2023-08-14 21:45:39,EWEB-0575
 111,2023-08-14 22:32:08,2023-08-14 22:34:37,EWEB-0575
 111,2023-08-15 00:09:52,2023-08-15 00:12:36,EWEB-0575
 111,2023-08-15 04:09:44,2023-08-15 04:13:18,EWEB-0575
 111,2023-08-15 06:55:42,2023-08-15 06:59:22,EWEB-0575
 111,2023-08-15 08:31:33,2023-08-15 08:35:01,EWEB-0575
 111,2023-08-15 08:35:31,2023-08-15 08:41:03,EWEB-0575
 111,2023-08-15 09:21:57,2023-08-15 09:25:33,EWEB-0575
 111,2023-08-15 10:07:47,2023-08-15 10:11:27,EWEB-0575
 111,2023-08-15 10:15:34,2023-08-15 10:19:12,EWEB-0575
 111,2023-08-15 10:55:12,2023-08-15 10:58:31,EWEB-0575
 111,2023-08-14 14:50:55,2023-08-14 14:54:33,EWEB-0576
 111,2023-08-14 15:51:50,2023-08-14 15:53:19,EWEB-0576
 111,2023-08-14 16:35:01,2023-08-14 16:38:41,EWEB-0576
 111,2023-08-14 19:27:04,2023-08-14 19:30:01,EWEB-0576
 111,2023-08-14 19:30:56,2023-08-14 19:34:36,EWEB-0576
 111,2023-08-14 20:19:53,2023-08-14 20:21:49,EWEB-0576
 111,2023-08-14 21:02:18,2023-08-14 21:05:56,EWEB-0576
 111,2023-08-14 21:06:31,2023-08-14 21:09:11,EWEB-0576
 111,2023-08-15 03:00:43,2023-08-15 03:04:21,EWEB-0576
 111,2023-08-15 03:38:09,2023-08-15 03:40:46,EWEB-0576
 111,2023-08-15 04:30:13,2023-08-15 04:33:44,EWEB-0576
 111,2023-08-15 06:24:31,2023-08-15 06:26:35,EWEB-0576
 111,2023-08-15 08:01:23,2023-08-15 08:04:59,EWEB-0576
 111,2023-08-15 08:05:51,2023-08-15 08:08:36,EWEB-0576
 111,2023-08-15 08:50:23,2023-08-15 08:53:06,EWEB-0576
 111,2023-08-15 09:36:46,2023-08-15 09:38:31,EWEB-0576
 111,2023-08-15 09:40:40,2023-08-15 09:42:55,EWEB-0576
 111,2023-08-15 09:43:34,2023-08-15 09:47:02,EWEB-0576
 111,2023-08-14 14:54:04,2023-08-14 14:57:44,EWEB-0577
 111,2023-08-14 15:54:44,2023-08-14 15:56:45,EWEB-0577
 111,2023-08-14 16:38:12,2023-08-14 16:41:50,EWEB-0577
 111,2023-08-14 17:59:42,2023-08-14 18:00:04,EWEB-0577
 111,2023-08-14 19:30:12,2023-08-14 19:33:16,EWEB-0577
 111,2023-08-14 19:34:07,2023-08-14 19:37:46,EWEB-0577
 111,2023-08-14 20:22:55,2023-08-14 20:25:12,EWEB-0577
 111,2023-08-14 21:05:29,2023-08-14 21:09:07,EWEB-0577
 111,2023-08-14 21:09:48,2023-08-14 21:12:14,EWEB-0577
 111,2023-08-15 03:03:56,2023-08-15 03:07:30,EWEB-0577
 111,2023-08-15 03:41:13,2023-08-15 03:44:05,EWEB-0577
 111,2023-08-15 04:33:28,2023-08-15 04:36:52,EWEB-0577
 111,2023-08-15 06:27:32,2023-08-15 06:29:57,EWEB-0577
 111,2023-08-15 08:04:37,2023-08-15 08:08:09,EWEB-0577
 111,2023-08-15 08:08:57,2023-08-15 08:11:51,EWEB-0577
 111,2023-08-15 08:53:28,2023-08-15 08:56:23,EWEB-0577
 111,2023-08-15 09:39:43,2023-08-15 09:41:56,EWEB-0577
 111,2023-08-15 09:44:02,2023-08-15 09:45:58,EWEB-0577
 111,2023-08-15 09:46:44,2023-08-15 09:50:15,EWEB-0577
 111,2023-08-14 15:06:06,2023-08-14 15:08:15,EWEB-0578
 111,2023-08-14 16:56:55,2023-08-14 16:58:34,EWEB-0578
 111,2023-08-14 19:59:28,2023-08-14 20:01:07,EWEB-0578
 111,2023-08-14 20:03:59,2023-08-14 20:05:19,EWEB-0578
 111,2023-08-14 20:55:09,2023-08-14 20:56:36,EWEB-0578
 111,2023-08-14 21:40:46,2023-08-14 21:42:49,EWEB-0578
 111,2023-08-14 21:49:26,2023-08-14 21:50:29,EWEB-0578
 111,2023-08-15 09:23:10,2023-08-15 09:25:09,EWEB-0578
 111,2023-08-14 15:16:41,2023-08-14 15:18:42,EWEB-0579
 111,2023-08-14 16:20:23,2023-08-14 16:21:59,EWEB-0579
 111,2023-08-14 18:32:33,2023-08-14 18:33:38,EWEB-0579
 111,2023-08-14 20:09:34,2023-08-14 20:11:38,EWEB-0579
 111,2023-08-14 21:05:06,2023-08-14 21:07:07,EWEB-0579
 111,2023-08-14 21:51:04,2023-08-14 21:52:53,EWEB-0579
 111,2023-08-14 21:59:06,2023-08-14 22:01:11,EWEB-0579
 111,2023-08-15 00:35:45,2023-08-15 00:37:30,EWEB-0579
 111,2023-08-15 07:48:22,2023-08-15 07:49:44,EWEB-0579
 111,2023-08-15 09:32:57,2023-08-15 09:34:27,EWEB-0579
 111,2023-08-14 15:02:16,2023-08-14 15:05:51,EWEB-0581
 111,2023-08-14 16:02:23,2023-08-14 16:05:23,EWEB-0581
 111,2023-08-14 16:46:32,2023-08-14 16:49:50,EWEB-0581
 111,2023-08-14 18:06:54,2023-08-14 18:09:18,EWEB-0581
 111,2023-08-14 19:38:16,2023-08-14 19:41:38,EWEB-0581
 111,2023-08-14 19:42:22,2023-08-14 19:45:52,EWEB-0581
 111,2023-08-14 20:30:44,2023-08-14 20:33:46,EWEB-0581
 111,2023-08-14 21:13:40,2023-08-14 21:17:20,EWEB-0581
 111,2023-08-14 21:18:32,2023-08-14 21:19:46,EWEB-0581
 111,2023-08-14 21:22:08,2023-08-14 21:24:09,EWEB-0581
 111,2023-08-15 03:12:21,2023-08-15 03:15:22,EWEB-0581
 111,2023-08-15 03:49:07,2023-08-15 03:52:33,EWEB-0581
 111,2023-08-15 04:41:56,2023-08-15 04:44:39,EWEB-0581
 111,2023-08-15 06:35:18,2023-08-15 06:38:26,EWEB-0581
 111,2023-08-15 08:11:56,2023-08-15 08:16:09,EWEB-0581
 111,2023-08-15 08:16:55,2023-08-15 08:20:10,EWEB-0581
 111,2023-08-15 09:01:22,2023-08-15 09:04:45,EWEB-0581
 111,2023-08-15 09:47:25,2023-08-15 09:50:29,EWEB-0581
 111,2023-08-15 09:54:51,2023-08-15 09:58:28,EWEB-0581
 111,2023-08-14 15:13:43,2023-08-14 15:17:47,LV R/B
 111,2023-08-14 16:11:57,2023-08-14 16:14:59,LV R/B
 111,2023-08-14 16:54:07,2023-08-14 16:58:09,LV R/B
 111,2023-08-14 18:12:46,2023-08-14 18:13:42,LV R/B
 111,2023-08-14 19:40:14,2023-08-14 19:43:23,LV R/B
 111,2023-08-14 19:43:52,2023-08-14 19:47:54,LV R/B
 111,2023-08-14 20:31:18,2023-08-14 20:32:58,LV R/B
 111,2023-08-14 21:12:02,2023-08-14 21:19:28,LV R/B
 111,2023-08-14 21:20:00,2023-08-14 21:21:58,LV R/B
 111,2023-08-14 22:46:40,2023-08-14 22:47:54,LV R/B
 111,2023-08-14 23:41:09,2023-08-14 23:43:47,LV R/B
 111,2023-08-15 01:15:34,2023-08-15 01:18:06,LV R/B
 111,2023-08-15 02:57:53,2023-08-15 03:01:26,LV R/B
 111,2023-08-15 04:24:06,2023-08-15 04:27:40,LV R/B
 111,2023-08-15 07:47:51,2023-08-15 07:51:27,LV R/B
 111,2023-08-15 07:53:34,2023-08-15 07:53:48,LV R/B
 111,2023-08-15 09:19:29,2023-08-15 09:29:42,LV R/B
 111,2023-08-15 10:08:45,2023-08-15 10:11:00,LV R/B
 111,2023-08-15 10:52:56,2023-08-15 10:55:20,LV R/B
 111,2023-08-15 11:00:04,2023-08-15 11:03:24,LV R/B
 111,2023-08-15 11:37:42,2023-08-15 11:41:28,LV R/B
 111,2023-08-14 12:31:28,2023-08-14 12:34:49,EWEB-0668
 111,2023-08-14 14:07:59,2023-08-14 14:11:07,EWEB-0668
 111,2023-08-14 17:20:53,2023-08-14 17:23:18,EWEB-0668
 111,2023-08-14 20:14:26,2023-08-14 20:15:08,EWEB-0668
 111,2023-08-14 20:17:38,2023-08-14 20:20:41,EWEB-0668
 111,2023-08-14 21:49:32,2023-08-14 21:56:42,EWEB-0668
 111,2023-08-14 21:57:24,2023-08-14 21:59:46,EWEB-0668
 111,2023-08-15 00:25:09,2023-08-15 00:27:31,EWEB-0668
 111,2023-08-15 02:04:04,2023-08-15 02:05:39,EWEB-0668
 111,2023-08-15 03:50:34,2023-08-15 03:53:44,EWEB-0668
 111,2023-08-15 05:20:30,2023-08-15 05:23:57,EWEB-0668
 111,2023-08-15 08:53:11,2023-08-15 08:56:40,EWEB-0668
 111,2023-08-15 08:58:49,2023-08-15 08:59:18,EWEB-0668
 111,2023-08-15 10:32:36,2023-08-15 10:35:44,EWEB-0668
 111,2023-08-15 10:35:47,2023-08-15 10:39:14,EWEB-0668
 111,2023-08-14 12:04:47,2023-08-14 12:07:15,EWEB-0676
 111,2023-08-14 12:44:28,2023-08-14 12:46:52,EWEB-0676
 111,2023-08-14 14:21:19,2023-08-14 14:22:51,EWEB-0676
 111,2023-08-14 15:48:13,2023-08-14 15:51:13,EWEB-0676
 111,2023-08-14 17:32:53,2023-08-14 17:36:18,EWEB-0676
 111,2023-08-14 20:26:15,2023-08-14 20:28:36,EWEB-0676
 111,2023-08-14 20:29:59,2023-08-14 20:33:29,EWEB-0676
 111,2023-08-14 22:02:00,2023-08-14 22:05:26,EWEB-0676
 111,2023-08-14 22:06:05,2023-08-14 22:08:58,EWEB-0676
 111,2023-08-15 04:02:54,2023-08-15 04:06:30,EWEB-0676
 111,2023-08-15 04:41:00,2023-08-15 04:42:54,EWEB-0676
 111,2023-08-15 05:33:02,2023-08-15 05:36:33,EWEB-0676
 111,2023-08-15 07:28:43,2023-08-15 07:29:41,EWEB-0676
 111,2023-08-15 09:05:46,2023-08-15 09:09:17,EWEB-0676
 111,2023-08-15 09:10:27,2023-08-15 09:12:46,EWEB-0676
 111,2023-08-15 09:55:20,2023-08-15 09:57:41,EWEB-0676
 111,2023-08-15 10:42:18,2023-08-15 10:43:03,EWEB-0676
 111,2023-08-15 10:45:43,2023-08-15 10:47:58,EWEB-0676
 111,2023-08-15 10:48:46,2023-08-15 10:52:01,EWEB-0676
 111,2023-08-14 12:18:22,2023-08-14 12:19:47,EWEB-0678
 111,2023-08-14 13:59:47,2023-08-14 14:01:49,EWEB-0678
 111,2023-08-14 20:30:41,2023-08-14 20:31:19,EWEB-0678
 111,2023-08-14 22:07:28,2023-08-14 22:08:46,EWEB-0678
 111,2023-08-14 22:11:28,2023-08-14 22:12:53,EWEB-0678
 111,2023-08-15 04:29:02,2023-08-15 04:29:36,EWEB-0678
 111,2023-08-15 05:07:59,2023-08-15 05:09:27,EWEB-0678
 111,2023-08-15 08:04:18,2023-08-15 08:06:15,EWEB-0678
 111,2023-08-15 09:46:27,2023-08-15 09:47:53,EWEB-0678
 111,2023-08-15 09:52:30,2023-08-15 09:54:28,EWEB-0678
 111,2023-08-15 10:40:01,2023-08-15 10:41:50,EWEB-0678
 111,2023-08-15 11:28:41,2023-08-15 11:30:38,EWEB-0678
 111,2023-08-15 11:37:06,2023-08-15 11:38:48,EWEB-0678
 111,2023-08-14 12:27:54,2023-08-14 12:31:23,EWEB-0679
 111,2023-08-14 14:04:23,2023-08-14 14:07:42,EWEB-0679
 111,2023-08-14 17:17:41,2023-08-14 17:19:31,EWEB-0679
 111,2023-08-14 20:14:14,2023-08-14 20:17:04,EWEB-0679
 111,2023-08-14 21:46:03,2023-08-14 21:53:14,EWEB-0679
 111,2023-08-14 21:53:44,2023-08-14 21:56:26,EWEB-0679
 111,2023-08-15 00:21:27,2023-08-15 00:24:13,EWEB-0679
 111,2023-08-15 02:00:14,2023-08-15 02:02:28,EWEB-0679
 111,2023-08-15 03:47:13,2023-08-15 03:50:04,EWEB-0679
 111,2023-08-15 05:17:04,2023-08-15 05:20:20,EWEB-0679
 111,2023-08-15 08:49:42,2023-08-15 08:53:06,EWEB-0679
 111,2023-08-15 10:29:00,2023-08-15 10:35:38,EWEB-0679
 111,2023-08-14 12:21:10,2023-08-14 12:22:14,EWEB-0680
 111,2023-08-14 16:03:30,2023-08-14 16:07:04,EWEB-0680
 111,2023-08-14 17:04:21,2023-08-14 17:06:36,EWEB-0680
 111,2023-08-14 17:48:28,2023-08-14 17:51:53,EWEB-0680
 111,2023-08-14 19:09:50,2023-08-14 19:11:26,EWEB-0680
 111,2023-08-14 20:41:35,2023-08-14 20:44:44,EWEB-0680
 111,2023-08-14 20:45:40,2023-08-14 20:49:05,EWEB-0680
 111,2023-08-14 21:34:27,2023-08-14 21:37:11,EWEB-0680
 111,2023-08-14 22:17:39,2023-08-14 22:21:10,EWEB-0680
 111,2023-08-14 22:22:34,2023-08-14 22:23:41,EWEB-0680
 111,2023-08-14 22:26:31,2023-08-14 22:27:44,EWEB-0680
 111,2023-08-15 04:18:56,2023-08-15 04:21:50,EWEB-0680
 111,2023-08-15 04:56:02,2023-08-15 04:59:21,EWEB-0680
 111,2023-08-15 05:49:15,2023-08-15 05:51:42,EWEB-0680
 111,2023-08-15 07:43:23,2023-08-15 07:46:24,EWEB-0680
 111,2023-08-15 09:20:39,2023-08-15 09:24:48,EWEB-0680
 111,2023-08-15 09:25:46,2023-08-15 09:28:54,EWEB-0680
 111,2023-08-15 10:10:34,2023-08-15 10:13:55,EWEB-0680
 111,2023-08-15 10:56:51,2023-08-15 10:59:56,EWEB-0680
 111,2023-08-15 11:04:25,2023-08-15 11:07:55,EWEB-0680
 111,2023-08-14 13:31:04,2023-08-14 13:33:17,EWEB-0681
 111,2023-08-14 17:35:51,2023-08-14 17:39:19,EWEB-0681
 111,2023-08-14 19:41:07,2023-08-14 19:44:40,EWEB-0681
 111,2023-08-14 21:13:42,2023-08-14 21:19:08,EWEB-0681
 111,2023-08-14 21:19:46,2023-08-14 21:23:04,EWEB-0681
 111,2023-08-14 22:06:22,2023-08-14 22:09:50,EWEB-0681
 111,2023-08-14 22:50:08,2023-08-14 22:53:09,EWEB-0681
 111,2023-08-14 22:57:38,2023-08-14 23:01:11,EWEB-0681
 111,2023-08-14 23:47:40,2023-08-14 23:50:51,EWEB-0681
 111,2023-08-15 01:26:11,2023-08-15 01:29:32,EWEB-0681
 111,2023-08-15 05:28:39,2023-08-15 05:31:19,EWEB-0681
 111,2023-08-15 08:15:37,2023-08-15 08:18:54,EWEB-0681
 111,2023-08-15 09:51:56,2023-08-15 09:55:29,EWEB-0681
 111,2023-08-15 09:55:40,2023-08-15 10:01:29,EWEB-0681
 111,2023-08-15 10:43:09,2023-08-15 10:46:11,EWEB-0681
 111,2023-08-15 11:29:14,2023-08-15 11:32:21,EWEB-0681
 111,2023-08-15 11:37:02,2023-08-15 11:40:19,EWEB-0681
 111,2023-08-14 16:28:12,2023-08-14 16:29:43,EWEB-0682
 111,2023-08-14 17:30:24,2023-08-14 17:32:55,EWEB-0682
 111,2023-08-14 19:41:01,2023-08-14 19:43:19,EWEB-0682
 111,2023-08-14 21:17:18,2023-08-14 21:19:50,EWEB-0682
 111,2023-08-14 21:24:07,2023-08-14 21:25:28,EWEB-0682
 111,2023-08-14 22:12:08,2023-08-14 22:14:43,EWEB-0682
 111,2023-08-14 22:57:46,2023-08-14 22:59:48,EWEB-0682
 111,2023-08-14 23:05:36,2023-08-14 23:08:10,EWEB-0682
 111,2023-08-14 23:57:52,2023-08-14 23:59:47,EWEB-0682
 111,2023-08-15 01:40:19,2023-08-15 01:42:47,EWEB-0682
 111,2023-08-15 08:48:15,2023-08-15 08:49:49,EWEB-0682
 111,2023-08-15 10:31:17,2023-08-15 10:33:39,EWEB-0682
 111,2023-08-15 10:36:17,2023-08-15 10:36:22,EWEB-0682
 111,2023-08-14 12:16:40,2023-08-14 12:18:30,EWEB-0683
 111,2023-08-14 13:57:20,2023-08-14 13:59:41,EWEB-0683
 111,2023-08-14 20:25:28,2023-08-14 20:25:44,EWEB-0683
 111,2023-08-14 22:01:10,2023-08-14 22:02:41,EWEB-0683
 111,2023-08-14 22:04:54,2023-08-14 22:07:04,EWEB-0683
 111,2023-08-15 04:19:00,2023-08-15 04:21:18,EWEB-0683
 111,2023-08-15 05:53:46,2023-08-15 05:55:18,EWEB-0683
 111,2023-08-15 07:53:34,2023-08-15 07:55:13,EWEB-0683
 111,2023-08-15 09:40:41,2023-08-15 09:42:45,EWEB-0683
 111,2023-08-15 10:27:37,2023-08-15 10:29:55,EWEB-0683
 111,2023-08-15 11:15:58,2023-08-15 11:18:18,EWEB-0683
 111,2023-08-15 11:24:09,2023-08-15 11:26:28,EWEB-0683
 111,2023-08-14 17:48:25,2023-08-14 17:49:53,EWEB-0684
 111,2023-08-14 20:01:16,2023-08-14 20:02:50,EWEB-0684
 111,2023-08-14 21:39:40,2023-08-14 21:40:46,EWEB-0684
 111,2023-08-14 21:42:07,2023-08-14 21:43:18,EWEB-0684
 111,2023-08-14 21:45:41,2023-08-14 21:47:27,EWEB-0684
 111,2023-08-15 00:22:37,2023-08-15 00:24:11,EWEB-0684
 111,2023-08-15 04:01:43,2023-08-15 04:01:57,EWEB-0684
 111,2023-08-15 05:36:33,2023-08-15 05:38:21,EWEB-0684
 111,2023-08-15 09:22:39,2023-08-15 09:23:55,EWEB-0684
 111,2023-08-15 11:11:41,2023-08-15 11:13:19,EWEB-0684
 111,2023-08-14 12:09:56,2023-08-14 12:12:06,EWEB-0686
 111,2023-08-14 12:49:52,2023-08-14 12:51:26,EWEB-0686
 111,2023-08-14 15:53:02,2023-08-14 15:56:22,EWEB-0686
 111,2023-08-14 17:37:48,2023-08-14 17:41:21,EWEB-0686
 111,2023-08-14 20:31:08,2023-08-14 20:33:48,EWEB-0686
 111,2023-08-14 20:34:59,2023-08-14 20:38:31,EWEB-0686
 111,2023-08-14 21:24:24,2023-08-14 21:25:51,EWEB-0686
 111,2023-08-14 22:07:01,2023-08-14 22:10:29,EWEB-0686
 111,2023-08-14 22:11:16,2023-08-14 22:13:48,EWEB-0686
 111,2023-08-15 04:07:59,2023-08-15 04:11:30,EWEB-0686
 111,2023-08-15 04:45:44,2023-08-15 04:48:18,EWEB-0686
 111,2023-08-15 05:38:10,2023-08-15 05:41:31,EWEB-0686
 111,2023-08-15 07:33:14,2023-08-15 07:35:16,EWEB-0686
 111,2023-08-15 09:10:55,2023-08-15 09:14:19,EWEB-0686
 111,2023-08-15 09:15:21,2023-08-15 09:18:00,EWEB-0686
 111,2023-08-15 10:00:11,2023-08-15 10:02:59,EWEB-0686
 111,2023-08-15 10:46:44,2023-08-15 10:48:45,EWEB-0686
 111,2023-08-15 10:51:10,2023-08-15 10:52:46,EWEB-0686
 111,2023-08-15 10:53:48,2023-08-15 10:57:10,EWEB-0686
 111,2023-08-14 12:13:39,2023-08-14 12:15:33,EWEB-0694
 111,2023-08-14 15:56:31,2023-08-14 15:59:59,EWEB-0694
 111,2023-08-14 16:58:21,2023-08-14 16:58:33,EWEB-0694
 111,2023-08-14 17:41:21,2023-08-14 17:44:55,EWEB-0694
 111,2023-08-14 20:34:38,2023-08-14 20:37:29,EWEB-0694
 111,2023-08-14 20:38:33,2023-08-14 20:42:05,EWEB-0694
 111,2023-08-14 21:27:43,2023-08-14 21:29:43,EWEB-0694
 111,2023-08-14 22:10:35,2023-08-14 22:14:05,EWEB-0694
 111,2023-08-14 22:14:59,2023-08-14 22:17:12,EWEB-0694
 111,2023-08-15 04:11:37,2023-08-15 04:15:01,EWEB-0694
 111,2023-08-15 04:49:10,2023-08-15 04:52:03,EWEB-0694
 111,2023-08-15 05:41:50,2023-08-15 05:45:00,EWEB-0694
 111,2023-08-15 07:36:36,2023-08-15 07:39:03,EWEB-0694
 111,2023-08-15 09:14:33,2023-08-15 09:17:52,EWEB-0694
 111,2023-08-15 09:18:50,2023-08-15 09:21:40,EWEB-0694
 111,2023-08-15 10:03:39,2023-08-15 10:06:40,EWEB-0694
 111,2023-08-15 10:50:05,2023-08-15 10:52:33,EWEB-0694
 111,2023-08-15 10:55:10,2023-08-15 10:55:59,EWEB-0694
 111,2023-08-15 10:57:22,2023-08-15 11:00:47,EWEB-0694
 111,2023-08-14 12:00:33,2023-08-14 12:01:20,EWEB-0696
 111,2023-08-14 12:41:51,2023-08-14 12:43:35,EWEB-0696
 111,2023-08-14 17:45:33,2023-08-14 17:47:41,EWEB-0696
 111,2023-08-14 20:51:54,2023-08-14 20:54:04,EWEB-0696
 111,2023-08-14 22:28:44,2023-08-14 22:30:52,EWEB-0696
 111,2023-08-15 05:27:55,2023-08-15 05:29:51,EWEB-0696
 111,2023-08-15 08:23:59,2023-08-15 08:25:44,EWEB-0696
 111,2023-08-15 10:05:18,2023-08-15 10:07:26,EWEB-0696
 111,2023-08-15 10:09:11,2023-08-15 10:11:07,EWEB-0696
 111,2023-08-15 10:11:46,2023-08-15 10:13:41,EWEB-0696
 111,2023-08-15 11:56:46,2023-08-15 11:57:01,EWEB-0696
 111,2023-08-14 17:34:18,2023-08-14 17:36:08,EWEB-0703
 111,2023-08-14 19:47:15,2023-08-14 19:48:54,EWEB-0703
 111,2023-08-14 21:25:22,2023-08-14 21:27:04,EWEB-0703
 111,2023-08-14 21:32:03,2023-08-14 21:33:03,EWEB-0703
 111,2023-08-14 22:21:17,2023-08-14 22:22:50,EWEB-0703
 111,2023-08-14 23:15:39,2023-08-14 23:17:17,EWEB-0703
 111,2023-08-15 00:08:30,2023-08-15 00:10:14,EWEB-0703
 111,2023-08-15 01:53:02,2023-08-15 01:54:49,EWEB-0703
 111,2023-08-15 09:08:13,2023-08-15 09:10:00,EWEB-0703
 111,2023-08-15 10:57:47,2023-08-15 10:58:53,EWEB-0703
 111,2023-08-14 12:22:35,2023-08-14 12:23:20,EWEB-0721
 111,2023-08-14 16:03:56,2023-08-14 16:07:31,EWEB-0721
 111,2023-08-14 17:04:25,2023-08-14 17:07:02,EWEB-0721
 111,2023-08-14 17:48:34,2023-08-14 17:51:58,EWEB-0721
 111,2023-08-14 19:09:25,2023-08-14 19:11:31,EWEB-0721
 111,2023-08-14 20:41:02,2023-08-14 20:44:19,EWEB-0721
 111,2023-08-14 20:45:09,2023-08-14 20:48:35,EWEB-0721
 111,2023-08-14 21:33:42,2023-08-14 21:36:38,EWEB-0721
 111,2023-08-14 22:16:49,2023-08-14 22:20:24,EWEB-0721
 111,2023-08-14 22:21:49,2023-08-14 22:22:47,EWEB-0721
 111,2023-08-14 22:25:25,2023-08-14 22:27:09,EWEB-0721
 111,2023-08-15 04:16:54,2023-08-15 04:19:51,EWEB-0721
 111,2023-08-15 04:53:50,2023-08-15 04:57:14,EWEB-0721
 111,2023-08-15 05:46:53,2023-08-15 05:49:25,EWEB-0721
 111,2023-08-15 07:40:39,2023-08-15 07:43:42,EWEB-0721
 111,2023-08-15 09:17:39,2023-08-15 09:21:49,EWEB-0721
 111,2023-08-15 09:22:41,2023-08-15 09:25:51,EWEB-0721
 111,2023-08-15 10:07:20,2023-08-15 10:10:41,EWEB-0721
 111,2023-08-15 10:53:30,2023-08-15 10:56:33,EWEB-0721
 111,2023-08-15 11:01:00,2023-08-15 11:04:33,EWEB-0721
